{
    "Version": "2012-10-17",
    "Statement": [
        {
            "Sid": "RestrictSageMakerAccessToSsoAppForDataScientistRole",
            "Effect": "Deny",
            "Action": ["sagemaker:*", "sagemaker-mlflow:*"],
            "Resource": "*",
            "Condition": {
                "ArnLike": {
                    "aws:PrincipalArn": [
                        "arn:aws:iam::*:role/*AWSReservedSSO_DataScientist*"
                    ]
                }
            }
        },
        {
            "Sid": "RestrictEfsAccessToSsoAppForDataScientistRole",
            "Effect": "Deny",
            "Action": "elasticfilesystem:*",
            "Resource": "*",
            "Condition": {
                "ArnLike": {
                    "aws:PrincipalArn": [
                        "arn:aws:iam::*:role/*AWSReservedSSO_DataScientist*"
                    ]
                },
                "StringEquals": {
                    "aws:ResourceTag/project": "SageMaker"
                }
            }
        }
    ]
}
