{
    "build": {
        "dockerfile": "Containerfile"
    },
    "features": {
        "ghcr.io/devcontainers/features/aws-cli:1": {},
        "ghcr.io/devcontainers/features/common-utils:2": {},
        "ghcr.io/devcontainers/features/python:1": {
            "toolsToInstall": "cfn-lint"
        }
    },
    "customizations": {
        "vscode": {
            "extensions": [
                "esbenp.prettier-vscode",
                "ms-python.black-formatter",
                "github.vscode-github-actions"
            ],
            "settings": {
                "telemetry.telemetryLevel": "off",
                "editor.formatOnSave": true,
                "editor.defaultFormatter": "esbenp.prettier-vscode",
                "[typescript]": {
                    "editor.defaultFormatter": "esbenp.prettier-vscode"
                },
                "[python]": {
                    "editor.defaultFormatter": "ms-python.black-formatter",
                    "editor.formatOnSave": true
                },
                "aws.telemetry": false,
                "terminal.integrated.defaultProfile.linux": "zsh"
            }
        }
    },
    "remoteUser": "node",
    // As mount points are applied before we have access to container environment variables, use a generic target path
    // and update the default location
    "mounts": [
        "source=/${localEnv:HOME}/.aws,target=/.aws,type=bind,consistency=cached,readonly"
    ],
    "containerEnv": {
        "AWS_CONFIG_FILE": "/.aws/config",
        "AWS_SHARED_CREDENTIALS_FILE": "/.aws/credentials"
    },
    "postCreateCommand": "npm ci"
}
